{"data": {"risk_level": "low", "risk_score": 20, "risk_factors": {"temperature": 22.3, "humidity": 88, "wind_speed": 2.305555555555556, "precipitation": 0.0}, "timestamp": "2025-04-04T04:07:44.672443", "source": "calculated"}, "timestamp": 1743719864.6724434}