{"data": {"risk_level": "low", "risk_score": 30, "risk_factors": {"temperature": 27.1, "humidity": 78, "wind_speed": 1.6944444444444442, "precipitation": 0.0}, "timestamp": "2025-10-17T05:04:58.892504", "source": "calculated"}, "timestamp": 1760657698.8925047}