{"data": {"risk_level": "low", "risk_score": 20, "risk_factors": {"temperature": 26.0, "humidity": 94, "wind_speed": 2.694444444444444, "precipitation": 0.27}, "timestamp": "2025-10-19T01:49:40.250284", "source": "calculated"}, "timestamp": 1760818780.250285}