{"data": {"risk_level": "medium", "risk_score": 35, "risk_factors": {"temperature": 23.9, "humidity": 45, "wind_speed": 7.388888888888889, "precipitation": 0.0}, "timestamp": "2025-10-16T03:19:34.177836", "source": "calculated"}, "timestamp": 1760564974.177836}